,evosuite-abs-diffuseness,evosuite-rel-diffuseness,randoop-abs-diffuseness,randoop-rel-diffunesess,jt-expert-abs-diffuseness,jt-expert-rel-diffuseness
AssertionRoulette,697,0.7360084477296727,819,0.9761620977353993,456,0.7366720516962844
EagerTest,537,0.5670538542766631,409,0.48748510131108463,385,0.6219709208400647
MysteryGuest,107,0.11298838437170011,87,0.10369487485101311,93,0.15024232633279483
SensitiveEquality,73,0.07708553326293559,0,0.0,413,0.6672051696284329
ResourceOptimism,29,0.030623020063357972,0,0.0,0,0.0
ForTestersOnly,10,0.010559662090813094,10,0.011918951132300357,0,0.0
IndirectTesting,0,0.0,0,0.0,0,0.0
